{
    "Batory1988_GENESIS.md": 1768311007.175152,
    "Biggerstaff1989_ROSE.md": 1768311007.1761522,
    "Kang1990_FODA.md": 1768311007.1761522,
    "Lubars1988_ROSE.md": 1768311007.1771522,
    "Moore1989_KAPTUR.md": 1768311007.1771522,
    "Neighbors1984_Draco.md": 1768311007.1771522,
    "Horcas2021_MCTS.md": 1768311007.1761522,
    "template.md": 1768311007.1771522,
    "Horcas2021_Montecarlo.md": 1768311007.1761522,
    "Horcas2023_MCTSFramework.md": 1768311007.1761522,
    "Benavides2010_AAFM20yearsSLR.md": 1768311007.1761522,
    "Heradio2019_StatisticalAnalysisVM.md": 1768311007.1761522,
    "Benavides2005_AutomatedReasoning.md": 1768311007.1761522,
    "Czarnecki2004_StagedConfiguration.md": 1768311007.1761522,
    "Czarnecki2000_GenerativeProgramming.md": 1768311007.1761522,
    "Czarnecki2005_CardinalityFMs.md": 1768311007.1761522,
    "Czarnecki2005_StagedConfiguration.md": 1768311007.1761522,
    "Batory2005_FMsGrammarsAndPropositionalFormulas.md": 1768311007.175152,
    "Mannion2002_FirstOrderLogic.md": 1768311007.1771522,
    "Deursen2002_FDL.md": 1768311007.1761522,
    "Prehofer1997_FOP.md": 1768311007.1771522,
    "Prehofer2001_FOP.md": 1768311007.1771522,
    "Batory2004_AHEAD.md": 1768311007.175152,
    "K\u00e4stner2008_CIDE.md": 1768311007.1771522,
    "Smaragdakis2002_MixinLayers.md": 1768311007.1771522,
    "Apel2008_AspectualFeatureModules.md": 1768311007.175152,
    "Classen2010_TemporalPropertiesSPLs.md": 1768311007.1761522,
    "Schaefer2010_DOP.md": 1768311007.1771522,
    "Perrouin2010_TWiseTestCaseGeneration.md": 1768311007.1771522,
    "Thum2009_ReasoningAboutEditsToFMs.md": 1768311007.1771522,
    "Zhang2004_EquivalentFeatures.md": 1768311007.1771522,
    "Segura2008_AtomicSets.md": 1768311007.1771522,
    "CarmoMachado2014_SPLTestingSLR.md": 1768311007.1761522,
    "Agh2024_SPLTestingSLR.md": 1768311007.175152,
    "Raatikainen2019_SPLVMTertiaryStudy.md": 1768311007.1771522,
    "Eriksson2005_PLUSS.md": 1768311007.1761522,
    "Griss1998_FeatuRSEB.md": 1768311007.1761522,
    "Kang1998_FORM.md": 1768311007.1771522,
    "Greenfield2004_SoftwareFactories.md": 1768311007.1761522,
    "Clements2001_SPLPracticesAndPatterns.md": 1768311007.1761522,
    "Tseng2001_MassCustomization.md": 1768311007.1771522,
    "Pohl2005_SPLEngineering.md": 1768311007.1771522,
    "Sundermann2021_UVL.md": 1768311007.1771522,
    "Sundermann2023_UVLParserExtensions.md": 1768311007.1771522,
    "Benavides2025_UVL.md": 1768311007.1761522,
    "HterBeek2019_TextualLanguages.md": 1768311007.1761522,
    "Berger2019_UsageScenarios.md": 1768311007.1761522,
    "Thum2019_LanguageLevels.md": 1768311007.1771522,
    "Kiczales1997_AOP.md": 1768311007.1771522
}