{
    "Kang1990_FODA.md": 1767533175.3318112,
    "Neighbors1984_Draco.md": 1767533175.3318112,
    "Lubars1988_ROSE.md": 1767533175.3318112,
    "Moore1989_KAPTUR.md": 1767533175.3318112,
    "Batory1988_GENESIS.md": 1767533175.3318112,
    "Biggerstaff1989_ROSE.md": 1767533175.3318112
}