{
    "Batory1988_GENESIS.md": 1767564038.353457,
    "Biggerstaff1989_ROSE.md": 1767564038.353457,
    "Kang1990_FODA.md": 1767564038.353457,
    "Lubars1988_ROSE.md": 1767564038.353457,
    "Moore1989_KAPTUR.md": 1767564038.353457,
    "Neighbors1984_Draco.md": 1767564038.353457,
    "Horcas2021_MCTS.md": 1767564038.353457,
    "template.md": 1767564038.353457,
    "Horcas2021_Montecarlo.md": 1767564038.353457,
    "Horcas2023_MCTSFramework.md": 1767564038.353457,
    "Benavides2010_AAFM20yearsSLR.md": 1767564038.353457,
    "Heradio2019_StatisticalAnalysisVM.md": 1767564038.353457,
    "Benavides2005_AutomatedReasoning.md": 1767564038.353457
}